微博昵称,粉丝数,微博数,真实姓名,联系地址,联系电话,电子邮箱
Tan_Yuan_,63,355,,,,
草莓爱冰棍,15,24,,,,
弓长--岂几,88,228,,,,
MR_ZHANGJQ,301,188,,,,
客居斯京,66,304,,,,
Walkline,386,4129,,,,
思考或发呆,20,8,,,,
grafandreas,119,77,,,,
黄勇留,47,91,,,,
Amy77775555,463,1536,,,,
AlphaJava,2355,11791,,,,
懒洋洋_2,50,12,,,,
gothz,33,25,,,,
-曾宇超-,112,245,,,,
青云门820,25,25,,,,
老波璐语,37,191,,,,
天空天蓝色,133,101,,,,
WindLlightCcloudPale,10,4,,,,
点团队周亮,1593,1209,,,,
Vv郭薇,37,155,,,,
爸气泄漏,136,1188,,,,
伞殿阳,401,1865,,,,
lazycai,2203,2788,,,,
光说不练Ramon,122,724,,,,
阿福安卓,152,199,,,,
